{
  "temperature": 31.000000000000025,
  "eval_set": "TEST",
  "known_val": "/Users/anastasiya/Documents/AITourGuide/scripts/experiments/results/e2e pipline/e2e_val_results_zero_shot.json",
  "novel_val": "/Users/anastasiya/Documents/AITourGuide/scripts/experiments/results/e2e pipline/e2e_val_results_zero_shot_novel.json",
  "known_test": "/Users/anastasiya/Documents/AITourGuide/scripts/experiments/results/e2e pipline/e2e_results_zero_shot.json",
  "novel_test": "/Users/anastasiya/Documents/AITourGuide/scripts/experiments/results/e2e pipline/e2e_results_zero_shot_novel.json",
  "metrics": {
    "сырые": {
      "ece": 0.6622646753587929,
      "mce": 0.711834469833815,
      "brier": 0.5354712068330372,
      "nll": 1.3918318111805204
    },
    "T=31.00": {
      "ece": 0.40449648533715843,
      "mce": 0.422921645972766,
      "brier": 0.25790028845072344,
      "nll": 0.7089510510042063
    },
    "isotonic": {
      "ece": 0.0065868967798370665,
      "mce": 0.6964285714285714,
      "brier": 0.09330535317258257,
      "nll": 0.3312889874264974
    }
  },
  "isotonic_curve": {
    "x": [
      0.303955078125,
      0.32763671875,
      0.3310546875,
      0.352294921875,
      0.363037109375,
      0.36669921875,
      0.3701171875,
      0.37744140625,
      0.385009765625,
      0.388671875,
      0.392333984375,
      0.39599609375,
      0.39990234375,
      0.403564453125,
      0.4072265625,
      0.414794921875,
      0.418701171875,
      0.422607421875,
      0.42626953125,
      0.43017578125,
      0.43408203125,
      0.437744140625,
      0.441650390625,
      0.445556640625,
      0.449462890625,
      0.453369140625,
      0.45703125,
      0.4609375,
      0.46484375,
      0.46875,
      0.47265625,
      0.4765625,
      0.48046875,
      0.484375,
      0.48828125,
      0.4921875,
      0.49609375,
      0.5,
      0.50390625,
      0.5078125,
      0.51171875,
      0.515625,
      0.51953125,
      0.5234375,
      0.52734375,
      0.53125,
      0.53515625,
      0.5390625,
      0.54296875,
      0.546875,
      0.55078125,
      0.5546875,
      0.55810546875,
      0.56201171875,
      0.56591796875,
      0.56982421875,
      0.57373046875,
      0.57763671875,
      0.58154296875,
      0.5849609375,
      0.5888671875,
      0.5927734375,
      0.59619140625,
      0.60009765625,
      0.60400390625,
      0.607421875,
      0.611328125,
      0.615234375,
      0.61865234375,
      0.62255859375,
      0.6259765625,
      0.6298828125,
      0.63330078125,
      0.63720703125,
      0.640625,
      0.64404296875,
      0.64794921875,
      0.6513671875,
      0.65478515625,
      0.658203125,
      0.662109375,
      0.66552734375,
      0.6689453125,
      0.67236328125,
      0.67578125,
      0.67919921875,
      0.6826171875,
      0.68603515625,
      0.689453125,
      0.69287109375,
      0.69580078125,
      0.69921875,
      0.70263671875,
      0.70556640625,
      0.708984375,
      0.71240234375,
      0.71533203125,
      0.71875,
      0.7216796875,
      0.72509765625,
      0.72802734375,
      0.73095703125,
      0.73388671875,
      0.7373046875,
      0.740234375,
      0.7431640625,
      0.74609375,
      0.7490234375,
      0.751953125,
      0.7548828125,
      0.7578125,
      0.7607421875,
      0.763671875,
      0.76611328125,
      0.76904296875,
      0.77197265625,
      0.7744140625,
      0.77734375,
      0.77978515625,
      0.78271484375,
      0.78515625,
      0.7880859375,
      0.79052734375,
      0.79296875,
      0.7958984375,
      0.79833984375,
      0.80078125,
      0.80322265625,
      0.8056640625,
      0.80810546875,
      0.810546875,
      0.81298828125,
      0.8154296875,
      0.8173828125,
      0.81982421875,
      0.822265625,
      0.82421875,
      0.82666015625,
      0.8291015625,
      0.8310546875,
      0.83349609375,
      0.83544921875,
      0.83740234375,
      0.83984375,
      0.841796875,
      0.84375,
      0.845703125,
      0.84814453125,
      0.85009765625,
      0.85205078125,
      0.85400390625,
      0.85595703125,
      0.85791015625,
      0.85986328125,
      0.861328125,
      0.86328125,
      0.865234375,
      0.8671875,
      0.86865234375,
      0.87060546875,
      0.87255859375,
      0.8740234375,
      0.8759765625,
      0.87744140625,
      0.87890625,
      0.880859375,
      0.88232421875,
      0.88427734375,
      0.8857421875,
      0.88720703125,
      0.888671875,
      0.89013671875,
      0.8916015625,
      0.89306640625,
      0.89501953125,
      0.896484375,
      0.8974609375,
      0.89892578125,
      0.900390625,
      0.90185546875,
      0.9033203125,
      0.90478515625,
      0.90576171875,
      0.9072265625,
      0.90869140625,
      0.90966796875,
      0.9111328125,
      0.91259765625,
      0.91357421875,
      0.9150390625,
      0.916015625,
      0.91748046875,
      0.91845703125,
      0.91943359375,
      0.9208984375,
      0.921875,
      0.9228515625,
      0.92431640625,
      0.92529296875,
      0.92626953125,
      0.92724609375,
      0.92822265625,
      0.92919921875,
      0.9306640625,
      0.931640625,
      0.9326171875,
      0.93359375,
      0.9345703125,
      0.935546875,
      0.9365234375,
      0.93701171875,
      0.93798828125,
      0.93896484375,
      0.93994140625,
      0.94091796875,
      0.94189453125,
      0.9423828125,
      0.943359375,
      0.9443359375,
      0.94482421875,
      0.94580078125,
      0.94677734375,
      0.947265625,
      0.9482421875,
      0.94873046875,
      0.94970703125,
      0.9501953125,
      0.951171875,
      0.95166015625,
      0.95263671875,
      0.953125,
      0.95458984375,
      0.955078125,
      0.9560546875,
      0.95654296875,
      0.95751953125,
      0.9580078125,
      0.95849609375,
      0.958984375,
      0.96044921875,
      0.9609375,
      0.96142578125,
      0.962890625,
      0.96337890625,
      0.9638671875,
      0.96435546875,
      0.9658203125,
      0.9775390625,
      0.978515625,
      0.9921875
    ],