{
  "temperature": 31.000000000000025,
  "eval_set": "TEST",
  "known_val": "/Users/anastasiya/Documents/AITourGuide/scripts/experiments/results/e2e_pipline/e2e_val_results_zero_shot.json",
  "novel_val": "/Users/anastasiya/Documents/AITourGuide/scripts/experiments/results/e2e_pipline/e2e_val_results_zero_shot_novel.json",
  "known_test": "/Users/anastasiya/Documents/AITourGuide/scripts/experiments/results/e2e_pipline/e2e_results_zero_shot.json",
  "novel_test": "/Users/anastasiya/Documents/AITourGuide/scripts/experiments/results/e2e_pipline/e2e_results_zero_shot_novel.json",
  "metrics": {
    "сырые": {
      "ece": 0.711834469833815,
      "mce": 0.711834469833815,
      "brier": 0.6694350306009281,
      "nll": 2.0119224783443554
    },
    "T=31.00": {
      "ece": 0.31279354242562113,
      "mce": 0.31279354242562113,
      "brier": 0.26172873381579004,
      "nll": 0.7166167555149024
    },
    "isotonic": {
      "ece": 0.024372402860864808,
      "mce": 0.6964285714285714,
      "brier": 0.16256203650126158,
      "nll": 0.5056656193160176
    }
  },
  "isotonic_curve": {
    "x": [
      0.900390625,
      0.90185546875,
      0.9033203125,
      0.90478515625,
      0.90576171875,
      0.9072265625,
      0.90869140625,
      0.90966796875,
      0.9111328125,
      0.91259765625,
      0.91357421875,
      0.9150390625,
      0.916015625,
      0.91748046875,
      0.91845703125,
      0.91943359375,
      0.9208984375,
      0.921875,
      0.9228515625,
      0.92431640625,
      0.92529296875,
      0.92626953125,
      0.92724609375,
      0.92822265625,
      0.92919921875,
      0.9306640625,
      0.931640625,
      0.9326171875,
      0.93359375,
      0.9345703125,
      0.935546875,
      0.9365234375,
      0.93701171875,
      0.93798828125,
      0.93896484375,
      0.93994140625,
      0.94091796875,
      0.94189453125,
      0.9423828125,
      0.943359375,
      0.9443359375,
      0.94482421875,
      0.94580078125,
      0.94677734375,
      0.947265625,
      0.9482421875,
      0.94873046875,
      0.94970703125,
      0.9501953125,
      0.951171875,
      0.95166015625,
      0.95263671875,
      0.953125,
      0.95458984375,
      0.955078125,
      0.9560546875,
      0.95654296875,
      0.95751953125,
      0.9580078125,
      0.95849609375,
      0.958984375,
      0.96044921875,
      0.9609375,
      0.96142578125,
      0.962890625,
      0.96337890625,
      0.9638671875,
      0.96435546875,
      0.9658203125,
      0.9775390625,
      0.978515625,
      0.9921875
    ],
    "y": [
      0.1795252225519288,
      0.1795252225519288,
      0.1795252225519288,
      0.1795252225519288,
      0.1795252225519288,
      0.1795252225519288,
      0.1795252225519288,
      0.1795252225519288,
      0.1795252225519288,
      0.1795252225519288,
      0.1795252225519288,
      0.1795252225519288,
      0.1795252225519288,
      0.1795252225519288,
      0.1795252225519288,
      0.1795252225519288,
      0.1795252225519288,
      0.1795252225519288,
      0.1795252225519288,
      0.1795252225519288,
      0.1795252225519288,
      0.2,
      0.3008849557522124,
      0.3008849557522124,
      0.3008849557522124,
      0.3008849557522124,
      0.3008849557522124,
      0.3008849557522124,
      0.3008849557522124,
      0.3008849557522124,
      0.3050847457627119,
      0.3050847457627119,
      0.3050847457627119,
      0.3050847457627119,
      0.3050847457627119,
      0.3050847457627119,
      0.3050847457627119,
      0.3050847457627119,
      0.3050847457627119,
      0.3050847457627119,
      0.3050847457627119,
      0.3050847457627119,
      0.3050847457627119,
      0.3050847457627119,
      0.3050847457627119,
      0.3050847457627119,
      0.3050847457627119,
      0.3050847457627119,
      0.3050847457627119,
      0.3050847457627119,
      0.3050847457627119,
      0.3050847457627119,
      0.3050847457627119,
      0.3050847457627119,
      0.5,
      0.5,
      0.5,
      0.5,
      0.5,
      0.5,
      0.5,
      0.5,
      0.5,
      0.5,
      0.5,
      0.5,
      0.5,
      0.5,
      0.5,
      0.5,
      0.5,
      1.0
    ]
  }
}